[ 
    { 
        "name": "峨眉山之行", 
        "cover": "https://i.loli.net/2020/10/05/kBcvAf7INgMLaem.jpg", 
        "date": "2017-10", "description": "峨眉山之行", 
        "url_name": "峨眉山之行", 
        "album": 
        [ 
            { 
                "img_url": "https://i.loli.net/2020/10/05/qtOevHpw5XImS1J.jpg", 
                "title": "峨眉山之行", 
                "describe": "峨眉山之行" 
            }, 
            { 
                "img_url": "https://i.loli.net/2020/10/05/4acvniMKTx8euqp.jpg", 
                "title": "峨眉山之行", 
                "describe": "峨眉山之行" 
            }, 
            { 
                "img_url": "https://i.loli.net/2020/10/05/4acvniMKTx8euqp.jpg", 
                "title": "峨眉山之行", 
                "describe": "峨眉山之行" 
            } 
        ] 
    } 
]
